Business Name,Industry,Location,Website,Email,Phone Number
Peanut Plumbing,Plumbing,Austin TX,https://www.peanutplumbingtx.com/,N/A,(512) 924-7989
Mr. Rooter Plumbing of Austin,Plumbing,Austin TX,https://www.mrrooter.com/austin/,N/A,(512) 298-4916
My Austin Plumber LLC,Plumbing,Austin TX,https://myaustinplumberllc.com/,N/A,N/A
USA Handyman Services,Handyman,Accokeek MD,https://usahandymanservices.us/,usahandymanservicesllc@gmail.com,(703) 953-6825
Honest Handyman Service,Handyman,Phoenix AZ,https://www.honesthandymanservice.com/,David@honesthandymanservice.com,(602) 751-2471
Volt Tech Electric,Electrical,Riverside CA,https://www.volttechelectric.com/,N/A,(951) 515-4852
Spring Klein Pet Salon LLC,Pet Grooming,Spring/Woodlands/Tomball TX,https://springkleinpetsalon.com/,skps@att.net,(281) 251-6116
Epic Pets Salon,Pet Grooming,Marietta GA,https://www.epicpetssalon.com/,epicpetssalon@gmail.com,(770) 694-1999
Benson Orthodontics,Orthodontistry,Denver CO,https://www.bensonortho.com/,N/A,(303) 722-8976
Nestman Orthodontics,Orthodontistry,Denver CO,https://www.nestmanortho.com/,N/A,(303) 399-8989
Daniel Dentistry,Dentistry,Miami FL,https://www.danieldentistry.com/,N/A,(305) 677-0042
Bayfront Dental,Dentistry,Miami FL,https://www.bayfrontdental.com/,N/A,(305) 530-1866
Midtown Dental,Dentistry,Miami FL,https://www.midtowndentalmiami.com/,info@midtowndentalmiami.com,(305) 598-6070
Denver's Best Heating and AC Repair,HVAC,Denver CO,https://www.denversbestheatingandacrepair.com/,info@denversbestheatingandacrepair.com,(303) 327-9208
Fitness at Five,Personal Training,Athens GA,https://www.fitnessatfive.com/,tgasparro@gmail.com,(678) 223-5268
Westcoe Realtors,Real Estate,Riverside CA,https://westcoerealtors.com/,N/A,(951) 784-2500
Chignon Hair Salon,Hair Salon,Pasadena CA,https://chignonsalon.com/,N/A,(626) 683-3724
The Look Hair Salon,Hair Salon,Glendale CA,https://www.thelookhairsalonla.com/,thelook_hairsalon@yahoo.com,(818) 662-5665
Baker Ranch Animal Hospital,Veterinary,Lake Forest CA,https://www.bakerranchanimalhospital.com/,info@bakerranchanimalhospital.com,N/A
Southpaw Vets,Veterinary,Sherman Oaks CA,https://southpawvets.la/,hello@southpawvets.la,(818) 935-5444
