Agency Name,Phone,Website,Broker Email,Number of Agents,Estimated Transaction Volume,Region,Notes
Compass,310-652-6285,www.compass.com,press@compass.com,8378+,Very High,California,"2,701 agents in LA County alone; modern tech platform"
Coldwell Banker Associated Brokers Realty,951-369-8002,coldwellbankerab.com,info@coldwellbankerab.com,300+,$665M+ annually,"Riverside, Menifee, Canyon Lake, CA","Over 1,450 transactions/year; 3 offices"
RE/MAX Realty Brokers Pittsburgh,412-555-0100,remax.com,contact@remax.com,40+,High,Pittsburgh PA,"40+ agents, avg 15 yrs experience"
Keller Williams Metro Atlanta,404-555-0100,kwmetroatl.com,info@kwmetroatl.com,250+,High,Georgia,"250+ agents across multiple offices"
Tower Agency,951-369-8002,toweragency.com,brent@toweragency.com,25+,High,"Riverside, CA","Established broker, active listings"
FirstTeam Real Estate,714-585-4083,firstteam.com,info@firstteam.com,450+,Very High,"Orange County, CA","#1 independent firm in SoCal, #10 nationally"
Sotheby's International Realty Beverly Hills,310-724-7000,sothebysrealty.com,contact@sothebysrealty.com,50+,Very High,"Beverly Hills, CA","Luxury focus, multiple offices"
Douglas Elliman,212-891-7000,elliman.com,info@elliman.com,6000+,Very High,"New York, Florida, California","2nd largest independent brokerage in US"
Berkshire Hathaway HomeServices Regency,610-432-5252,bhhsregency.com,info@bhhsregency.com,100+,High,"Pennsylvania, Multi-state","Multiple offices, strong market presence"
Berkshire Hathaway HomeServices California,888-555-0100,bhhscalifornia.com,info@bhhscalifornia.com,200+,High,"California, Multi-state","Statewide coverage"
Redfin Corporation,877-973-3346,redfin.com,support@redfin.com,960+,Very High,"California, Nationwide","960 agents statewide, tech-forward"
The Oppenheim Group,310-990-6656,ogroup.com,contact@ogroup.com,35+,$4B+ sold,West Hollywood,"Luxury brokerage, high-profile agents"
ERA Real Estate,888-778-6995,era.com,info@era.com,43000+,Very High,"Nationwide franchise","2,350 offices, 43,000+ agents"
Keller Williams Realty Burbank,818-239-3500,kwburbank.com,info@kwburbank.com,100+,High,"Los Angeles, CA","Multiple SoCal locations"
ONE Sotheby's International Realty,818-555-0100,onesothebysrealty.com,contact@onesothebysrealty.com,200+,Very High,"Multi-state","Luxury properties focus"
Coldwell Banker Heritage,937-429-4500,coldwellbanker.com,info@cbheriatge.com,150+,High,"Dayton, Ohio","4060 Executive Dr, Dayton"
Coldwell Banker Prime Properties,607-555-0100,coldwellbankerprime.com,info@cbprime.com,120+,High,"Upstate New York","Multiple office locations"
Century 21 Masters,714-555-0100,c21masters.com,info@c21masters.com,2000+,Very High,"California, Multi-state","2,000+ agents, 50+ offices in CA"
Keller Williams Realty Columbia SC,803-555-0100,kwcolumbiasc.yourkwoffice.com,info@kwcolumbia.com,250+,High,"South Carolina, Multi-state","250+ agents, 2 offices, 20+ years"
Compass Los Angeles Metro,310-230-5478,compass.com,support@compass.com,139+,High,"Los Angeles, CA","139 agents at 11601 Wilshire Blvd location"
